config_name,dense_weight,sparse_weight,use_reranker,decompose,run_idx,avg_correctness,avg_faithfulness,avg_retrieval,avg_citation_accuracy,total_answered,total_failed,failure_rate,elapsed_sec,timestamp,error
dense_only,1.0,0.0,False,False,1,0.9636363636363636,0.959090909090909,0.909090909090909,0.9696969696969696,22,10,0.3125,330.0,2026-10-03T14:54:42.678107+00:00,
dense_only,1.0,0.0,False,False,2,0.9727272727272727,0.9545454545454546,0.9045454545454544,0.9772727272727273,22,10,0.3125,307.0,2026-10-03T14:59:49.735842+00:00,
dense_only,1.0,0.0,False,False,3,0.968181818181818,0.9545454545454544,0.909090909090909,0.9848484848484849,22,10,0.3125,350.6,2026-10-03T15:05:40.345913+00:00,
sparse_only,0.0,1.0,False,False,1,0.8874999999999997,0.9791666666666665,0.9041666666666665,0.9270833333333334,24,8,0.25,382.7,2026-10-03T15:12:03.035158+00:00,
sparse_only,0.0,1.0,False,False,2,0.8583333333333331,0.9624999999999999,0.9041666666666665,0.9270833333333334,24,8,0.25,367.8,2026-10-03T15:18:10.876597+00:00,
sparse_only,0.0,1.0,False,False,3,0.8913043478260867,0.9782608695652174,0.934782608695652,1.0,23,9,0.28125,342.8,2026-10-03T15:23:53.646009+00:00,
default,0.7,0.3,False,False,1,0.9375,0.9625,0.9374999999999999,1.0,24,8,0.25,337.1,2026-10-03T15:29:30.767439+00:00,
default,0.7,0.3,False,False,2,0.9391304347826086,0.9695652173913044,0.9478260869565216,0.9855072463768115,23,9,0.28125,324.5,2026-10-03T15:34:55.321634+00:00,
default,0.7,0.3,False,False,3,0.9374999999999999,0.9625,0.9416666666666664,1.0,24,8,0.25,321.5,2026-10-03T15:40:16.794879+00:00,
reranker_toggled,0.7,0.3,True,False,1,0.9038461538461537,0.973076923076923,0.9346153846153845,0.9615384615384616,26,6,0.1875,371.0,2026-10-03T15:46:27.833613+00:00,
reranker_toggled,0.7,0.3,True,False,2,0.8888888888888887,0.9703703703703703,0.8999999999999999,0.9629629629629629,27,5,0.15625,386.7,2026-10-03T15:52:54.491087+00:00,
reranker_toggled,0.7,0.3,True,False,3,0.8923076923076921,0.9769230769230769,0.9269230769230767,0.9615384615384616,26,6,0.1875,1274.0,2026-10-03T16:14:08.451410+00:00,
decompose_toggled,0.7,0.3,False,True,1,0.9454545454545454,0.9772727272727273,0.9272727272727272,0.9772727272727273,22,10,0.3125,1945.8,2026-10-03T16:46:34.273943+00:00,
