strategy,run_idx,Correctness,Faithfulness,Retrieval Relevance,Citation Accuracy,Fallback Rate
TokenRecursive,1,0.9478260869565216,0.9652173913043478,0.943478260869565,1.0,0.28125
Markdown,1,0.9749999999999998,0.975,0.9791666666666665,1.0,0.25
Semantic,1,0.96,0.9899999999999999,0.9,0.95,0.375
TokenRecursive,2,0.9478260869565216,0.9478260869565218,0.943478260869565,1.0,0.28125
Markdown,2,0.9666666666666665,0.975,0.9791666666666665,1.0,0.25
Semantic,2,0.9700000000000001,0.985,0.89,0.925,0.375
TokenRecursive,3,0.9458333333333333,0.9625,0.9374999999999999,1.0,0.25
Markdown,3,0.9708333333333331,0.975,0.9791666666666665,1.0,0.25
Semantic,3,0.97,0.985,0.89,0.95,0.375
