config_name,dense_weight,sparse_weight,use_reranker,run_idx,avg_correctness,avg_faithfulness,avg_retrieval,avg_citation_accuracy,total_answered,total_failed,failure_rate,elapsed_sec,timestamp,error
dense_only,1.0,0.0,True,1,0.8962962962962963,0.9777777777777777,0.8888888888888886,0.9629629629629629,27,5,0.15625,404.6,2026-10-03T12:19:02.878153+00:00,
dense_only,1.0,0.0,True,2,0.9074074074074073,0.9703703703703702,0.8888888888888886,0.9629629629629629,27,5,0.15625,365.7,2026-10-03T12:25:08.579599+00:00,
dense_only,1.0,0.0,True,3,0.8888888888888886,0.974074074074074,0.8888888888888886,0.9629629629629629,27,5,0.15625,369.3,2026-10-03T12:31:17.845234+00:00,
sparse_only,0.0,1.0,True,1,0.8962962962962961,0.9629629629629628,0.9037037037037033,1.0,27,5,0.15625,358.3,2026-10-03T12:37:16.159041+00:00,
sparse_only,0.0,1.0,True,2,0.8999999999999999,0.9666666666666666,0.9074074074074071,1.0,27,5,0.15625,351.9,2026-10-03T12:43:08.063851+00:00,
sparse_only,0.0,1.0,True,3,0.9185185185185183,0.9592592592592593,0.9074074074074071,0.9629629629629629,27,5,0.15625,344.2,2026-10-03T12:48:52.232410+00:00,
hybrid_default,0.7,0.3,True,1,0.9037037037037036,0.9703703703703703,0.9074074074074071,1.0,27,5,0.15625,356.4,2026-10-03T12:54:48.614253+00:00,
hybrid_default,0.7,0.3,True,2,0.9037037037037036,0.9666666666666666,0.9074074074074071,0.9629629629629629,27,5,0.15625,362.1,2026-10-03T13:00:50.756588+00:00,
hybrid_default,0.7,0.3,True,3,0.9074074074074071,0.9740740740740741,0.9037037037037036,0.9629629629629629,27,5,0.15625,384.5,2026-10-03T13:07:15.292367+00:00,
hybrid_no_reranker,0.7,0.3,False,1,0.9142857142857143,0.9321428571428572,0.8749999999999999,0.994047619047619,28,4,0.125,335.5,2026-10-03T13:12:50.810375+00:00,
hybrid_no_reranker,0.7,0.3,False,2,0.9214285714285712,0.9428571428571428,0.8678571428571428,1.0,28,4,0.125,341.3,2026-10-03T13:18:32.159716+00:00,
hybrid_no_reranker,0.7,0.3,False,3,0.9214285714285714,0.9428571428571428,0.8535714285714285,1.0,28,4,0.125,341.5,2026-10-03T13:24:13.667784+00:00,
rrf_50_50,0.5,0.5,True,1,0.8925925925925924,0.9666666666666666,0.9111111111111109,0.9629629629629629,27,5,0.15625,358.0,2026-10-03T13:30:11.674964+00:00,
rrf_50_50,0.5,0.5,True,2,0.8999999999999998,0.9592592592592593,0.9037037037037033,0.9629629629629629,27,5,0.15625,382.2,2026-10-03T13:36:33.895385+00:00,
rrf_50_50,0.5,0.5,True,3,0.8999999999999999,0.9666666666666667,0.8999999999999999,0.9259259259259259,27,5,0.15625,383.7,2026-10-03T13:42:57.605097+00:00,
rrf_30_70,0.3,0.7,True,1,0.896296296296296,0.9592592592592593,0.9074074074074071,0.8888888888888888,27,5,0.15625,351.7,2026-10-03T13:48:49.261826+00:00,
rrf_30_70,0.3,0.7,True,2,0.8962962962962961,0.9555555555555556,0.9074074074074071,0.9259259259259259,27,5,0.15625,348.2,2026-10-03T13:54:37.436976+00:00,
rrf_30_70,0.3,0.7,True,3,0.8962962962962961,0.9555555555555556,0.9037037037037033,0.9259259259259259,27,5,0.15625,346.4,2026-10-03T14:00:23.871965+00:00,
